Mission;Location;Terrain;Year;Type of mission;Test;Test location ;Bulk density (g/cm^3);Angle of internal friction (degree);Cohesion (kPa);Bearing capacity (kPa);Static bearing pressure (kPa);Normal stress range(kPa);Void ratio;Density of grains (g/cm^3);Compressibility Coefficient;Depth (cm);Specific gravity;Porosity (%);Cone penetration resistance gradient (kN/m^2/m);Force applied (N);Source;Year of publication;DOI / URL;Comments
Surveyor I;2.474S 43.339W;Mare;1966;Lander;Spacecraft touchdown analysis;In-Situ;1.5*;30 - 40**;0.14 - 0.35**;40;3.4 - 5;NA;NA;NA;NA;NA;NA;NA;NA;NA;Surveyor I Mission Report part II: Scientific Data and Results, Technical Report 32-1023. Jet Propulsion Laboratory, 1966;1966;https://ntrs.nasa.gov/api/citations/19670000738/downloads/19670000738.pdf;NA
Surveyor I;2.474S 43.339W;Mare;1966;Lander;Spacecraft touchdown analysis;In-Situ;1.5;0*;10;NA;3.4 - 5;NA;NA;NA;NA;NA;NA;NA;NA;NA;Grant H. Heiken, David T. Vaniman, Bevan M. French, Lunar Sourcebook: a user's guide to the Moon, Cambridge University Press, 1991;1991;https://doi.org/10.1016/0031-9201(92)90060-9;NA
Surveyor I;2.474S 43.339W;Mare;1966;Lander;Spacecraft touchdown analysis;In-Situ;1.5;55;0.15 - 15;NA;3.4 - 5;NA;NA;NA;NA;NA;NA;NA;NA;NA;Grant H. Heiken, David T. Vaniman, Bevan M. French, Lunar Sourcebook: a user's guide to the Moon, Cambridge University Press, 1991;1991;https://doi.org/10.1016/0031-9201(92)90060-9;NA
Surveyor I;2.474S 43.339W;Mare;1966;Lander;Spacecraft touchdown analysis;In-Situ;1.5;30 - 40;0.4 - 0.13;NA;3.4 - 5;NA;NA;NA;NA;NA;NA;NA;NA;NA;Grant H. Heiken, David T. Vaniman, Bevan M. French, Lunar Sourcebook: a user's guide to the Moon, Cambridge University Press, 1991;1991;https://doi.org/0.1016/0031-9201(92)90060-9;NA
Surveyor III;3.0S 23.41W;Mare;1967;Lander;Spacecraft touchdown analysis;In-Situ;1.5*;35 - 40**;0.15 - 0.7**;20 - 56;3.4 - 5;NA;NA;NA;NA;2.5 - 5;NA;33 - 67**;NA;20 - 100;Surveyor III Mission Report part II: scientific results, technical report 32-1177, Jet Propulsion Laboratory, 1967;1967;https://ntrs.nasa.gov/api/citations/19670028832/downloads/19670028832.pdf;NA
Surveyor III;3.0S 23.41W;Mare;1967;Lander;Spacecraft touchdown analysis;In-Situ;NA;45 - 60;0;NA;3.4 - 5;NA;NA;NA;NA;NA;NA;NA;NA;NA;Grant H. Heiken, David T. Vaniman, Bevan M. French, Lunar Sourcebook: a user's guide to the Moon, Cambridge University Press, 1991;1991;https://doi.org/10.1016/0031-9201(92)90060-9;NA
Surveyor III;3.0S 23.41W;Mare;1967;Lander;Spacecraft touchdown analysis;In-Situ;NA;35 - 37;0.35 - 0.7;NA;3.4 - 5;NA;NA;NA;NA;NA;NA;NA;NA;NA;Grant H. Heiken, David T. Vaniman, Bevan M. French, Lunar Sourcebook: a user's guide to the Moon, Cambridge University Press, 1991;1991;https://doi.org/10.1016/0031-9201(92)90060-9;NA
Surveyor V;1.42N 23.20E;Mare;1967;Lander;Spacecraft touchdown analysis;In-Situ;1.1;35;0.143;27;3.4 - 5;NA;NA;NA;NA;NA;NA;NA;NA;NA;Surveyor V Mission Report part II: science results, technical report 32-1246, Jet Propulsion Laboratory, 1967;1967;https://ntrs.nasa.gov/citations/19680003577; Data based on incompressible soil model
Surveyor VI;0.473N 1.427W;Mare;1967;Lander;Spacecraft touchdown analysis;In-Situ;0.7 - 1.6;30 - 35*;0.07 - 1.7;18 - 55;3.4 - 5;NA;NA;NA;NA;2 - 5;NA;50 - 80;NA;NA;Surveyor VI Mission Report part II: science results, technical report 32-1262, Jet Propulsion Laboratory, 1968;1968;https://ntrs.nasa.gov/citations/19680011500;model: frictionless material that fails in local shear
Surveyor VI;0.473N 1.427W;Mare;1967;Lander;Vernier engine;In-Situ;NA;35;0.05 - 1.7;NA;NA;NA;NA;NA;NA;NA;NA;NA;NA;NA;Grant H. Heiken, David T. Vaniman, Bevan M. French, Lunar Sourcebook: a user's guide to the Moon, Cambridge University Press, 1991;1991; https://doi.org/10.1016/0031-9201(92)90060-9;NA
Surveyor VII;40.97S 11.44W;Highland;1968;Lander;Trench experiment;In-Situ;1.5;37 - 39;0.35 - 0.7;21;NA;NA;NA;NA;NA;2 - 5;NA;NA;NA;NA;Surveyor VII Mission Report part II: science results, technical report 32-1264, Jet Propulsion Laboratory, 1968;1968;https://ntrs.nasa.gov/citations/19680028774;NA
Surveyor VII;40.97S 11.44W;Highland;1968;Lander;Trench experiment;In-Situ;NA;35 - 37;0.35 - 0.7;NA;NA;NA;NA;NA;NA;NA;NA;NA;NA;NA;Grant H. Heiken, David T. Vaniman, Bevan M. French, Lunar Sourcebook: a user's guide to the Moon, Cambridge University Press, 1991;1991;https://doi.org/10.1016/0031-9201(92)90060-9;NA
Luna 9;7.13N 64.37W;Mare;1966;Lander;Optical;In-Situ;NA;NA;NA;NA;NA;NA;NA;NA;NA;NA;NA;NA;NA;NA;Preliminary analysis of Luna 9, Scientific intelligence digest, 1966, CIA;1966;https://nsarchive2.gwu.edu/NSAEBB/NSAEBB479/docs/EBB-Moon07.pdf;NA
Luna 13;18.867N 62.050W;Mare;1966;Lander;Penetrometer;In-Situ;0.8;32;0.49;68;NA;NA;NA;NA;NA;NA;NA;NA;NA;NA;I. I. Cherkasov, V.V. Shvarev, Soviet investigations of the mechanics of lunar soils, 1973;1973;https://doi.org/10.1007/BF01704945;NA
Luna 16;47.24N 68.36E;Mare;1970;Lander;NA;On Earth;1.26;NA;NA;NA;NA;0;NA;NA;NA;NA;NA;NA;NA;NA;V. I. Dnizhininskaya, V. V. Markachev, Preliminary results of the lunar regolith mechanical studies, 1971;1971;https://www.mathnet.ru/links/621d7649e8d4c5db0966a8747fe7315a/dan36374.pdf;Measurement of density of uncompacted soil in Helium atmosphere at atmospheric pressure and 20 degrees Celsius
Luna 16;47.24N 68.36E;Mare;1970;Lander;Rotational shear;On Earth;1.8;29.3 - 35.3;2.94 - 0.98;NA;NA;19.6;NA;NA;NA;NA;NA;NA;NA;NA;V. I. Dnizhininskaya, V. V. Markachev, Preliminary results of the lunar regolith mechanical studies, 1971;1971;https://www.mathnet.ru/links/621d7649e8d4c5db0966a8747fe7315a/dan36374.pdf;Measurement using rotating shear testing in helium atmosphere with compressing normal force
Luna 16;47.24N 68.36E;Mare;1970;Lander;Direct shear;On Earth;NA;20 - 25;3.9 - 5.9;NA;NA;NA;NA;NA;NA;NA;NA;NA;NA;NA;Grant H. Heiken, David T. Vaniman, Bevan M. French, Lunar Sourcebook: a user's guide to the Moon, Cambridge University Press, 1991;1991;https://doi.org/10.1016/0031-9201(92)90060-9;NA
Luna 16;47.24N 68.36E;Mare;1970;Lander;NA;On Earth;1.115;NA;NA;NA;NA;NA;1.69;3;NA;NA;NA;NA;NA;NA;V. Gromov, Physical and mechanical properties of lunar and planetary soils, Kluwer Academic Publishers, 1999;1999;https://doi.org/10.1023/A:1006353510204;Loose soil density value
Luna 16;47.24N 68.36E;Mare;1970;Lander;NA;On Earth;1.793;NA;NA;NA;NA;NA;0.67;3;NA;NA;NA;NA;NA;NA;V. Gromov, Physical and mechanical properties of lunar and planetary soils, Kluwer Academic Publishers, 1999;1999;https://doi.org/10.1023/A:1006353510204;Compacted soil density value
Luna 16;47.24N 68.36E;Mare;1970;Lander;Rotating drum;On Earth;1.03 - 1.51;NA;NA;NA;NA;0.05 - 98;NA;NA;0.3;NA;NA;NA;NA;NA;E. Slyuta, Physical and mechanical properties of the lunar soil, Solar System Research,2014;2014;https://doi.org/10.1134/S0038094614050050;NA
Luna 16;47.24N 68.36E;Mare;1970;Lander;Direct shear;On Earth;1.12;30;0;NA;NA;NA;NA;NA;NA;NA;NA;NA;NA;NA;L. Jaffe, Shear strength of lunar soil from oceanus procellarum, The Moon Vol.8, 1973;1973;https://doi.org/10.1007/BF00562750;Nitrogen atomsphere, high normal load 
Luna 16;47.24N 68.36E;Mare;1970;Lander;Direct shear;On Earth;1.29;10 - 12;0;NA;NA;NA;NA;NA;NA;NA;NA;NA;NA;NA;L. Jaffe, Shear strength of lunar soil from oceanus procellarum, The Moon Vol.8, 1973;1973;https://doi.org/10.1007/BF00562750;Nitrogen atomsphere, high normal load 
Luna 16;47.24N 68.36E;Mare;1970;Lander;Direct shear;On Earth;1.51;22;3;NA;NA;NA;NA;NA;NA;NA;NA;NA;NA;NA;L. Jaffe, Shear strength of lunar soil from oceanus procellarum, The Moon Vol.8, 1973;1973;https://doi.org/10.1007/BF00562750;Nitrogen atomsphere, high normal load 
Luna 16;47.24N 68.36E;Mare;1970;Lander;Direct shear;On Earth;1.61;23;5.2;NA;NA;NA;NA;NA;NA;NA;NA;NA;NA;NA;L. Jaffe, Shear strength of lunar soil from oceanus procellarum, The Moon Vol.8, 1973;1973;https://doi.org/10.1007/BF00562750;Nitrogen atomsphere, high normal load 
Luna 16;47.24N 68.36E;Mare;1970;Lander;Direct shear;On Earth;1.61;46;4;NA;NA;NA;NA;NA;NA;NA;NA;NA;NA;NA;L. Jaffe, Shear strength of lunar soil from oceanus procellarum, The Moon Vol.8, 1973;1973;https://doi.org/10.1007/BF00562750;Nitrogen atomsphere, low normal load 
Luna 17;38.2376N 35.00163W;Mare;1970;Rover;Penetrometer;In-Situ;NA;22.5;5;33.34;NA;NA;NA;NA;NA;NA;NA;NA;NA;NA;I. I. Cherkasov, V.V. Shvarev, Soviet investigations of the mechanics of lunar soils, 1973;1973;https://doi.org/10.1007/BF01704945;NA
Luna 17;38.2376N 35.00163W;Mare;1970;Rover;Vane shear;In-Situ;NA;NA;3.9 - 4.9;NA;NA;NA;NA;NA;NA;NA;NA;NA;NA;NA;Grant H. Heiken, David T. Vaniman, Bevan M. French, Lunar Sourcebook: a user's guide to the Moon, Cambridge University Press, 1991;1991;https://doi.org/10.1016/0031-9201(92)90060-9;NA 
Luna 17;38.2376N 35.00163W;Mare;1970;Rover;Vane shear;In-Situ;NA;50 - 25;0.26 - 1.1;NA;NA;NA;NA;NA;NA;NA;NA;NA;NA;NA;Grant H. Heiken, David T. Vaniman, Bevan M. French, Lunar Sourcebook: a user's guide to the Moon, Cambridge University Press, 1991;1991;https://doi.org/10.1016/0031-9201(92)90060-9;NA 
Luna 17;38.2376N 35.00163W;Mare;1970;Rover;Vane shear;In-Situ;NA;50 - 25;1.2 - 4.8;NA;NA;NA;NA;NA;NA;NA;NA;NA;NA;NA;Grant H. Heiken, David T. Vaniman, Bevan M. French, Lunar Sourcebook: a user's guide to the Moon, Cambridge University Press, 1991;1991;https://doi.org/10.1016/0031-9201(92)90060-9;NA
Luna 17;38.2376N 35.00163W;Mare;1970;Rover;Vane shear;In-Situ;NA;50 - 25;0.64 - 2.6;NA;NA;NA;NA;NA;NA;NA;NA;NA;NA;NA;Grant H. Heiken, David T. Vaniman, Bevan M. French, Lunar Sourcebook: a user's guide to the Moon, Cambridge University Press, 1991;1991;https://doi.org/10.1016/0031-9201(92)90060-9;NA
Luna 17;38.2376N 35.00163W;Mare;1970;Rover;Penetrometer;In-Situ;NA;45 - 25;0.17 - 1;NA;NA;NA;NA;NA;NA;NA;NA;NA;NA;NA;Grant H. Heiken, David T. Vaniman, Bevan M. French, Lunar Sourcebook: a user's guide to the Moon, Cambridge University Press, 1991;1991;https://doi.org/10.1016/0031-9201(92)90060-9;Crater inner wall
Luna 17;38.2376N 35.00163W;Mare;1970;Rover;Penetrometer;In-Situ;NA;45 - 25;0.52 - 2.7;NA;NA;NA;NA;NA;NA;NA;NA;NA;NA;NA;Grant H. Heiken, David T. Vaniman, Bevan M. French, Lunar Sourcebook: a user's guide to the Moon, Cambridge University Press, 1991;1991;https://doi.org/10.1016/0031-9201(92)90060-9;Crater outer slope
Luna 17;38.2376N 35.00163W;Mare;1970;Rover;Penetrometer;In-Situ;NA;45 - 25;0.34 - 1.8;NA;NA;NA;NA;NA;NA;NA;NA;NA;NA;NA;Grant H. Heiken, David T. Vaniman, Bevan M. French, Lunar Sourcebook: a user's guide to the Moon, Cambridge University Press, 1991;1991;https://doi.org/10.1016/0031-9201(92)90060-9;Horizontal ground
Luna 20;3.7863N 56.6242E;Highland;1972;Lander;Direct shear;On Earth;1;22.3 - 26.6;4.41 - 4.9;NA;NA;NA;NA;NA;NA;NA;NA;NA;NA;NA;E. Slyuta, Physical and mechanical properties of the lunar soil, Solar System Research,2014;2014;https://doi.org/10.1134/S0038094614050050;NA
Luna 20;3.7863N 56.6242E;Highland;1972;Lander;Direct shear;On Earth;0.98 - 1.51;NA;NA;NA;NA;0.05 - 0.98;NA;NA;0.3;NA;NA;NA;NA;NA;E. Slyuta, Physical and mechanical properties of the lunar soil, Solar System Research,2014;2014;https://doi.org/10.1134/S0038094614050050;NA
Luna 20;3.7863N 56.6242E;Highland;1972;Lander;Drive tube;In-Situ;1.1 - 1.8;NA;NA;NA;NA;NA;NA;NA;NA;NA;NA;NA;NA;NA;Grant H. Heiken, David T. Vaniman, Bevan M. French, Lunar Sourcebook, Cambridge University Press, 1991;1991;https://doi.org/10.1016/0031-9201(92)90060-9;NA
Luna 20;3.7863N 56.6242E;Highland;1972;Lander;Rotating drum;On Earth;1.04;NA;NA;NA;NA;NA;1.88;3;NA;NA;NA;NA;NA;NA;V. Gromov, Physical and mechanical properties of lunar and planetary soils, Kluwer Academic Publishers, 1999;1999;https://doi.org/10.1023/A:1006353510204;Loose soil density value
Luna 20;3.7863N 56.6242E;Highland;1972;Lander;Rotating drum;On Earth;1.798;NA;NA;NA;NA;NA;0.67;3;NA;NA;NA;NA;NA;NA;V. Gromov, Physical and mechanical properties of lunar and planetary soils, Kluwer Academic Publishers, 1999;1999;https://doi.org/10.1023/A:1006353510204;Compacted soil density value
Luna 21;25.9994N 30.4076E;Mare;1973;Rover;Rover tracks;In-Situ;NA;22.5;5;40;4 -6;NA;0.8;NA;NA;NA;NA;NA;NA;NA;I. I. Cherkasov, V. V. Shvarev, New Soviet investigations of lunar soil and its analogs, 1977;1977;https://doi.org/10.1007/BF02093004;General values obtained over the path of Lunokhod 2
Luna 24;12.7142N 62.2129E;Mare;1976;Lander;Drive tube;On Earth;1.6 - 2.1;NA;NA;NA;NA;NA;NA;NA;NA;NA;NA;NA;NA;NA;V.L. Barsukov, Preliminary data for the regolith core brought to earth by the automatic lunar station Luna 24, Lunar Science Conference, 1977;1977;https://articles.adsabs.harvard.edu//full/1977LPSC....8.3303B/0003311.000.html;NA
Luna 24;12.7142N 62.2129E;Mare;1976;Lander;Drive tube;In-Situ;1.6 - 2.1;NA;NA;NA;NA;NA;NA;NA;NA;NA;NA;NA;NA;NA;Grant H. Heiken, David T. Vaniman, Bevan M. French, Lunar Sourcebook: a user's guide to the Moon, Cambridge University Press, 1991;1991;https://doi.org/10.1016/0031-9201(92)90060-9;NA
Apollo 11;0.67416N 23.47314E;Mare;1969;Crewed;Spacecraft touchdown analysis;In-Situ;1.5*;35*;0.689*;62 - 79;5.52 - 14.48;NA;NA;NA;NA;5.0 - 7.6;NA;NA;NA;NA;Apollo 11 preliminary science report, NASA SP-214;1969;https://ntrs.nasa.gov/citations/19700000726;bearing capacity obtained from Terzaghi theory for incompressible deformation, LM footpad penetration depth 5-7.6 cm
Apollo 11;0.67416N 23.47314E;Mare;1969;Crewed;Spacecraft touchdown analysis;In-Situ;1.5*;35*;0.34*;42.72 - 59.3;5.52 - 14.48;NA;NA;NA;NA;5.0 - 7.6;NA;NA;NA;NA;Apollo 11 preliminary science report, NASA SP-214;1969;https://ntrs.nasa.gov/citations/19700000726;bearing capacity obtained from Terzaghi theory for incompressible deformation, LM footpad penetration depth 5-7.6 cm
Apollo 11;0.67416N 23.47314E;Mare;1969;Crewed;Footprint analysis;In-Situ;1.5*;35*;0.689*;43.44;6.90;NA;NA;NA;NA;0.3 - 3.0;NA;NA;NA;NA;Apollo 11 preliminary science report, NASA SP-214;1969;https://ntrs.nasa.gov/citations/19700000726;bearing capacity obtained from Terzaghi theory for incompressible deformation, Bootprint penetration 0.3-3.0 cm
Apollo 11;0.67416N 23.47314E;Mare;1969;Crewed;Footprint analysis;In-Situ;1.5*;35*;0.34*;26.20;6.9;NA;NA;NA;NA;0.3 - 3.0;NA;NA;NA;NA;Apollo 11 preliminary science report, NASA SP-214;1969;https://ntrs.nasa.gov/citations/19700000726;bearing capacity obtained from Terzaghi theory for incompressible deformation, Bootprint penetration 0.3-3.0 cm
Apollo 11;0.67416N 23.47314E;Mare;1969;Crewed;Penetration tests;On Earth;1.77 - 1.8;NA;0.34 - 1.38;NA;NA;NA;NA;NA;NA;0 - 2;NA;NA;NA;NA;Apollo 11 preliminary science report, NASA SP-214;1969;https://ntrs.nasa.gov/citations/19700000726;NA
Apollo 11;0.67416N 23.47314E;Mare;1969;Crewed;Drive tube;On Earth;1.63 - 1.69;NA;NA;NA;NA;NA;0.87;NA;NA;0 - 10;3.10;46.5;NA;NA;Apollo 11 preliminary science report, NASA SP-214;1969;https://ntrs.nasa.gov/citations/19700000726;specific gravity determined by gas comparison pycnometer, void ratio determined with assumed bulk density of 1 g/cm^3
Apollo 11;0.67416N 23.47314E;Mare;1969;Crewed;Drive tube;On Earth;1.51 - 1.57;NA;NA;NA;NA;NA;1.01;NA;NA;0 - 13.5;3.1;50.1;NA;NA;Apollo 11 preliminary science report, NASA SP-214;1969;https://ntrs.nasa.gov/citations/19700000726;specific gravity determined by gas comparison pycnometer, void ratio determined with assumed bulk density of 1 g/cm^3
Apollo 11;0.67416N 23.47314E;Mare;1969;Crewed;Spacecraft touchdown analysis;In-Situ;0.75 - 1.75;NA;NA;NA;5.52 - 14.48;NA;NA;NA;NA;NA;NA;NA;NA;NA;Apollo 11 preliminary science report, NASA SP-214;1969;https://ntrs.nasa.gov/citations/19700000726;NA
Apollo 11;0.67416N 23.47314E;Mare;1969;Crewed;Drive tube;In-Situ;1.54 - 1.75;37 - 45;0.75 - 2.1;NA;NA;NA;NA;NA;NA;10 - 22.86;NA;NA;NA;NA;Grant H. Heiken, David T. Vaniman, Bevan M. French, Lunar Sourcebook: a user's guide to the Moon, Cambridge University Press, 1991;1991;https://doi.org/10.1016/0031-9201(92)90060-9;Depth observed as 10-12 cm easy penetration up to 20-22.86 cm with hammer
Apollo 11;0.67416N 23.47314E;Mare;1969;Crewed;Penetrometer;On Earth;1.81 - 1.92;42 - 38;0.25 - 0.85;NA;NA;NA;NA;NA;NA;NA;NA;NA;NA;NA;Grant H. Heiken, David T. Vaniman, Bevan M. French, Lunar Sourcebook: a user's guide to the Moon, Cambridge University Press, 1991;1991;https://doi.org/10.1016/0031-9201(92)90060-9;NA
Apollo 11;0.67416N 23.47314E;Mare;1969;Crewed;Penetrometer;On Earth;1.36;NA;NA;NA;NA;NA;NA;NA;NA;0 - 2;NA;NA;NA;1.82;Grant H. Heiken, David T. Vaniman, Bevan M. French, Lunar Sourcebook: a user's guide to the Moon, Cambridge University Press, 1991;1991;https://doi.org/10.1016/0031-9201(92)90060-9;NA
Apollo 11;0.67416N 23.47314E;Mare;1969;Crewed;Penetrometer;On Earth;1.8;NA;NA;NA;NA;NA;NA;NA;NA;0 - 2;NA;NA;NA;54.5;Grant H. Heiken, David T. Vaniman, Bevan M. French, Lunar Sourcebook: a user's guide to the Moon, Cambridge University Press, 1991;1991;https://doi.org/10.1016/0031-9201(92)90060-9;NA
Apollo 11;0.67416N 23.47314E;Mare;1969;Crewed;Drive tube;On Earth;1.66;NA;NA;NA;NA;NA;NA;NA;NA;0 - 10;NA;46.5;NA;NA;Grant H. Heiken, David T. Vaniman, Bevan M. French, Lunar Sourcebook: a user's guide to the Moon, Cambridge University Press, 1991;1991;https://doi.org/10.1016/0031-9201(92)90060-9;NA
Apollo 11;0.67416N 23.47314E;Mare;1969;Crewed;NA;On Earth;1.36;NA;NA;NA;NA;NA;1.21;3.01;NA;NA;NA;NA;NA;NA;V. Gromov, Physical and mechanical properties of lunar and planetary soils, Kluwer Academic Publishers, 1999;1999;https://doi.org/10.1023/A:1006353510204;Loose soil density value
Apollo 11;0.67416N 23.47314E;Mare;1969;Crewed;NA;On Earth;1.8;NA;NA;NA;NA;NA;0.67;3.01;NA;NA;NA;NA;NA;NA;V. Gromov, Physical and mechanical properties of lunar and planetary soils, Kluwer Academic Publishers, 1999;1999;https://doi.org/10.1023/A:1006353510204;Compacted soil density value
Apollo 11;0.67416N 23.47314E;Mare;1969;Crewed;Drive tube;In-Situ;NA;37 - 45;0.71 - 2.1;NA;NA;NA;NA;NA;NA;NA;NA;NA;NA;NA;E. Slyuta, Physical and mechanical properties of the lunar soil, Solar System Research,2014;2014;https://doi.org/10.1134/S0038094614050050;Depth down to 70cm
Apollo 12;3.01239S 23.42157W;Mare;1970;Crewed;Spacecraft touchdown analysis;In-Situ;1.8;NA;NA;NA;5.52 - 7.58;NA;NA;NA;NA;10 - 12;NA;NA;NA;NA;Apollo 12 preliminary science report, NASA SP-235;1970;https://www.nasa.gov/history/alsj/a12/a12psr.html;NA
Apollo 12;3.01239S 23.42157W;Mare;1970;Crewed;EVA observations;In-Situ;1.5;35 - 39;0.35 - 0.7;7 - 14;NA;NA;NA;NA;NA;5 - 8;NA;NA;NA;NA;Apollo 12 preliminary science report, NASA SP-235;1970;https://www.nasa.gov/history/alsj/a12/a12psr.html;NA
Apollo 12;3.01239S 23.42157W;Mare;1970;Crewed;Direct shear;On Earth;1.69 - 2.02;NA;NA;NA;NA;NA;NA;NA;NA;NA;NA;NA;NA;NA;Apollo 12 preliminary science report, NASA SP-235;1970;https://www.nasa.gov/history/alsj/a12/a12psr.html;NA
Apollo 12;3.01239S 23.42157W;Mare;1970;Crewed;Drive tube;In-Situ;1.7 - 1.9;38 - 44;0.56 - 0.75;NA;NA;NA;NA;NA;NA;NA;NA;NA;NA;NA;Grant H. Heiken, David T. Vaniman, Bevan M. French, Lunar Sourcebook: a user's guide to the Moon, Cambridge University Press, 1991;1991;https://doi.org/10.1016/0031-9201(92)90060-9;NA
Apollo 12;3.01239S 23.42157W;Mare;1970;Crewed;Direct shear;On Earth;NA;28 - 35;0 - 0.7;NA;NA;NA;NA;NA;NA;NA;NA;NA;NA;NA;Grant H. Heiken, David T. Vaniman, Bevan M. French, Lunar Sourcebook: a user's guide to the Moon, Cambridge University Press, 1991;1991;https://doi.org/10.1016/0031-9201(92)90060-9;NA
Apollo 12;3.01239S 23.42157W;Mare;1970;Crewed;Direct shear;On Earth;NA;13 - 56;0.1 - 3.1;NA;NA;NA;NA;NA;NA;NA;NA;NA;NA;NA;Grant H. Heiken, David T. Vaniman, Bevan M. French, Lunar Sourcebook: a user's guide to the Moon, Cambridge University Press, 1991;1991;https://doi.org/10.1016/0031-9201(92)90060-9;NA
Apollo 12;3.01239S 23.42157W;Mare;1970;Crewed;Triaxial shear;On Earth;NA;51 - 59;0 - 1;NA;NA;NA;NA;NA;NA;NA;NA;NA;NA;NA;Grant H. Heiken, David T. Vaniman, Bevan M. French, Lunar Sourcebook: a user's guide to the Moon, Cambridge University Press, 1991;1991;https://doi.org/10.1016/0031-9201(92)90060-9;NA
Apollo 12;3.01239S 23.42157W;Mare;1970;Crewed;Drive tube;In-Situ;1.6 - 2;NA;NA;NA;NA;NA;NA;NA;NA;NA;NA;NA;NA;NA;Grant H. Heiken, David T. Vaniman, Bevan M. French, Lunar Sourcebook: a user's guide to the Moon, Cambridge University Press, 1991;1991;https://doi.org/10.1016/0031-9201(92)90060-9;NA
Apollo 12;3.01239S 23.42157W;Mare;1970;Crewed;Drive tube;In-Situ;1.55 - 1.9;NA;NA;NA;NA;NA;NA;NA;NA;NA;NA;NA;NA;NA;Grant H. Heiken, David T. Vaniman, Bevan M. French, Lunar Sourcebook: a user's guide to the Moon, Cambridge University Press, 1991;1991;https://doi.org/10.1016/0031-9201(92)90060-9;NA
Apollo 12;3.01239S 23.42157W;Mare;1970;Crewed;Direct shear;On Earth;1.15;NA;NA;NA;NA;NA;NA;NA;NA;NA;NA;NA;NA;NA;V. Gromov, Physical and mechanical properties of lunar and planetary soils, Kluwer Academic Publishers, 1999;1999;https://doi.org/10.1023/A:1006353510204;Loose soil density value
Apollo 12;3.01239S 23.42157W;Mare;1970;Crewed;Direct shear;On Earth;1.93;NA;NA;NA;NA;NA;NA;NA;NA;NA;NA;NA;NA;NA;V. Gromov, Physical and mechanical properties of lunar and planetary soils, Kluwer Academic Publishers, 1999;1999;https://doi.org/10.1023/A:1006353510204;Compacted soil density value
Apollo 12;3.01239S 23.42157W;Mare;1970;Crewed;Direct shear;On Earth;1.67 - 1.82;NA;NA;NA;NA;0.08 - 67.5;NA;NA;0.04 - 0.11;NA;NA;NA;NA;NA;E. Slyuta, Physical and mechanical properties of the lunar soil, Solar System Research,2014;2014;https://doi.org/10.1134/S0038094614050050;NA
Apollo 12;3.01239S 23.42157W;Mare;1970;Crewed;Direct shear;On Earth;1.84 - 1.92;NA;NA;NA;NA;0.09 - 31.2;NA;NA;0.012 - 0.062;NA;NA;NA;NA;NA;E. Slyuta, Physical and mechanical properties of the lunar soil, Solar System Research,2014;2014;https://doi.org/10.1134/S0038094614050050;NA
Apollo 12;3.01239S 23.42157W;Mare;1970;Crewed;Direct shear;On Earth;1.91 - 2;NA;NA;NA;NA;1.9 - 69.9;NA;NA;0.03 - 0.09;NA;NA;NA;NA;NA;E. Slyuta, Physical and mechanical properties of the lunar soil, Solar System Research,2014;2014;https://doi.org/10.1134/S0038094614050050;NA
Apollo 12;3.01239S 23.42157W;Mare;1970;Crewed;Direct shear;On Earth;1.29 - 1.6;NA;NA;NA;NA;0.12 - 28;NA;NA;0.21;NA;NA;NA;NA;NA;E. Slyuta, Physical and mechanical properties of the lunar soil, Solar System Research,2014;2014;https://doi.org/10.1134/S0038094614050050;NA
Apollo 12;3.01239S 23.42157W;Mare;1970;Crewed;Direct shear;On Earth;1.4 - 1.64;NA;NA;NA;NA;0.14 - 28;NA;NA;0.11;NA;NA;NA;NA;NA;E. Slyuta, Physical and mechanical properties of the lunar soil, Solar System Research,2014;2014;https://doi.org/10.1134/S0038094614050050;NA
Apollo 12;3.01239S 23.42157W;Mare;1970;Crewed;Direct shear;On Earth;1.58 - 1.68;NA;NA;NA;NA;0.14 - 28;NA;NA;0.04;NA;NA;NA;NA;NA;E. Slyuta, Physical and mechanical properties of the lunar soil, Solar System Research,2014;2014;https://doi.org/10.1134/S0038094614050050;NA
Apollo 12;3.01239S 23.42157W;Mare;1970;Crewed;Direct shear;On Earth;0.99;13;0.3;NA;NA;0.14;2.12;NA;NA;NA;NA;NA;NA;NA;L. Jaffe, Shear strength of lunar soil from oceanus procellarum, The Moon Vol.8, 1973;1973;https://doi.org/10.1007/BF00562750;Sample analyzed in atmospheric conditions, bulk density and void ratio values are before normal force application, compaction method: light tap
Apollo 12;3.01239S 23.42157W;Mare;1970;Crewed;Direct shear;On Earth;1.43;17;0.1;NA;NA;0.14;1.17;NA;NA;NA;NA;NA;NA;NA;L. Jaffe, Shear strength of lunar soil from oceanus procellarum, The Moon Vol.8, 1973;1973;https://doi.org/10.1007/BF00562750;Sample analyzed in atmospheric conditions, bulk density and void ratio values are before normal force application, compaction method: light tap
Apollo 12;3.01239S 23.42157W;Mare;1970;Crewed;Direct shear;On Earth;1.6;19;0.5;NA;NA;0.14;0.94;NA;NA;NA;NA;NA;NA;NA;L. Jaffe, Shear strength of lunar soil from oceanus procellarum, The Moon Vol.8, 1973;1973;https://doi.org/10.1007/BF00562750;Sample analyzed in atmospheric conditions, bulk density and void ratio values are before normal force application, compaction method: hard tap
Apollo 12;3.01239S 23.42157W;Mare;1970;Crewed;Direct shear;On Earth;1.7;14;3.1;NA;NA;28;0.82;NA;NA;NA;NA;NA;NA;NA;L. Jaffe, Shear strength of lunar soil from oceanus procellarum, The Moon Vol.8, 1973;1973;https://doi.org/10.1007/BF00562750;Sample analyzed in atmospheric conditions, bulk density and void ratio values are before normal force application 
Apollo 12;3.01239S 23.42157W;Mare;1970;Crewed;Direct shear;On Earth;1.87;56;2.8;NA;NA;28;0.66;NA;NA;NA;NA;NA;NA;NA;L. Jaffe, Shear strength of lunar soil from oceanus procellarum, The Moon Vol.8, 1973;1973;https://doi.org/10.1007/BF00562750;Sample analyzed in atmospheric conditions, bulk density and void ratio values are before normal force application 
Apollo 12;3.01239S 23.42157W;Mare;1970;Crewed;Direct shear;On Earth;1.84;34 - 36;0 - 7;NA;NA;31.21;0.612;NA;NA;NA;3.10;NA;NA;NA;W. D. Carrier, L. G. Bromwell, R. T. Martin, Strength and compressibility of returned lunar soil, lunar and planetary science institute, 1972;1972;https://ui.adsabs.harvard.edu/abs/1972LPI.....3..119C/abstract;
Apollo 12;3.01239S 23.42157W;Mare;1970;Crewed;Direct shear;On Earth;1.84;34 - 36;0 - 7;NA;NA;69.92;0.55;NA;NA;NA;3.10;NA;NA;NA;W. D. Carrier, L. G. Bromwell, R. T. Martin, Strength and compressibility of returned lunar soil, lunar and planetary science institute, 1972;1972;https://ui.adsabs.harvard.edu/abs/1972LPI.....3..119C/abstract;
Apollo 12;3.01239S 23.42157W;Mare;1970;Crewed;Direct shear;On Earth;1.67;28.00;0 - 7;NA;NA;67.51;0.708;NA;NA;NA;3.10;NA;NA;NA;W. D. Carrier, L. G. Bromwell, R. T. Martin, Strength and compressibility of returned lunar soil, lunar and planetary science institute, 1972;1972;https://ui.adsabs.harvard.edu/abs/1972LPI.....3..119C/abstract;
Apollo 14;3.42S 19.67W;Highland;1971;Crewed;Rover tracks;In-Situ;1.87;37;NA;NA;4 - 6;NA;NA;NA;NA;NA;NA;NA;NA;NA;Apollo 14 preliminary science report, NASA SP-272;1971;https://www.nasa.gov/history/alsj/a14/a14psr.html;NA
Apollo 14;3.42S 19.67W;Highland;1971;Crewed;Penetrometer;In-Situ;1.5;35 - 37;0.35 - 0.7;NA;NA;NA;0.6 - 0.7;NA;NA;NA;NA;NA;NA;NA;Apollo 14 preliminary science report, NASA SP-272;1971;https://www.nasa.gov/history/alsj/a14/a14psr.html;NA
Apollo 14;3.42S 19.67W;Highland;1971;Crewed;Trench experiment;In-Situ;1.9*;35*;0.03 - 0.1;NA;NA;NA;NA;NA;NA;NA;NA;NA;NA;NA;Apollo 14 preliminary science report, NASA SP-272;1971;https://www.nasa.gov/history/alsj/a14/a14psr.html;NA
Apollo 14;3.42S 19.67W;Highland;1971;Crewed;Penetrometer;In-Situ;NA;NA;NA;NA;NA;NA;NA;NA;NA;0 - 44;NA;NA;NA;71 - 134;Apollo 14 preliminary science report, NASA SP-272;1971;https://www.nasa.gov/history/alsj/a14/a14psr.html;NA
Apollo 14;3.42S 19.67W;Highland;1971;Crewed;Penetrometer;In-Situ;NA;NA;NA;NA;NA;NA;NA;NA;NA;0 - 62;NA;NA;NA;134 - 223;Apollo 14 preliminary science report, NASA SP-272;1971;https://www.nasa.gov/history/alsj/a14/a14psr.html;NA
Apollo 14;3.42S 19.67W;Highland;1971;Crewed;Drive tube;On Earth;1.75;NA;NA;NA;NA;NA;NA;NA;NA;0 - 36;NA;NA;NA;NA;Apollo 14 preliminary science report, NASA SP-272;1971;https://www.nasa.gov/history/alsj/a14/a14psr.html;NA
Apollo 14;3.42S 19.67W;Highland;1971;Crewed;Trench experiment;In-Situ;NA;35 - 45;0.03 - 0.1;NA;NA;NA;NA;NA;NA;NA;NA;NA;NA;NA;Grant H. Heiken, David T. Vaniman, Bevan M. French, Lunar Sourcebook: a user's guide to the Moon, Cambridge University Press, 1991;1991;https://doi.org/10.1016/0031-9201(92)90060-9;NA
Apollo 14;3.42S 19.67W;Highland;1971;Crewed;Rover tracks;In-Situ;NA;37 - 47;NA;NA;4 - 6;NA;NA;NA;NA;NA;NA;NA;NA;NA;Grant H. Heiken, David T. Vaniman, Bevan M. French, Lunar Sourcebook: a user's guide to the Moon, Cambridge University Press, 1991;1991;https://doi.org/10.1016/0031-9201(92)90060-9;NA
Apollo 14;3.42S 19.67W;Highland;1971;Crewed;Drive tube;In-Situ;1.45 - 1.6;NA;NA;NA;NA;NA;NA;NA;NA;NA;NA;NA;NA;NA;Grant H. Heiken, David T. Vaniman, Bevan M. French, Lunar Sourcebook: a user's guide to the Moon, Cambridge University Press, 1991;1991;https://doi.org/10.1016/0031-9201(92)90060-9;NA
Apollo 14;3.42S 19.67W;Highland;1971;Crewed;Drive tube;On Earth;0.87 - 0.89;NA;NA;NA;NA;NA;2.26 - 2.37;2.9 - 2.93;NA;NA;NA;NA;NA;NA;V. Gromov, Physical and mechanical properties of lunar and planetary soils, Kluwer Academic Publishers, 1999;1999; https://doi.org/10.1016/0031-9201(92)90060-9;Loose soil density value
Apollo 14;3.42S 19.67W;Highland;1971;Crewed;Drive tube;On Earth;1.55 - 1.51;NA;NA;NA;NA;NA;0.87 - 0.94;2.9 - 2.93;NA;NA;NA;NA;NA;NA;V. Gromov, Physical and mechanical properties of lunar and planetary soils, Kluwer Academic Publishers, 1999;1999; https://doi.org/10.1016/0031-9201(92)90060-9;Compacted soil density value
Apollo 14;3.42S 19.67W;Highland;1971;Crewed;Drive tube;In-Situ;1.55 - 1.9;NA;NA;NA;NA;NA;NA;NA;NA;NA;NA;NA;NA;NA;E. Slyuta, Physical and mechanical properties of the lunar soil, Solar System Research,2014;2014;https://doi.org/10.1134/S0038094614050050;NA
Apollo 14;3.42S 19.67W;Highland;1971;Crewed;Trench experiment;In-Situ;NA;35 - 45;0.03 - 0.1;NA;NA;NA;NA;NA;NA;NA;NA;NA;NA;NA;E. Slyuta, Physical and mechanical properties of the lunar soil, Solar System Research,2014;2014;https://doi.org/10.1134/S0038094614050050;NA
Apollo 15;26.13224N 3.63400E;Mare;1971;Crewed;Penetrometer;In-Situ;1.97;47.5 - 51.5;1.92 - 2.01;NA;NA;NA;0.54 - 0.61;NA;NA;0 - 20;3.1*;35 - 38;4060 - 4360;NA;Apollo 15 preliminary science report, NASA SP-289;1971;https://www.nasa.gov/history/alsj/a15/a15psr.html;NA
Apollo 15;26.13224N 3.63400E;Mare;1971;Crewed;Trench experiment;In-Situ;1.8*;51.7;0.94;NA;NA;NA;NA;NA;NA;NA;NA;NA;NA;NA;Apollo 15 preliminary science report, NASA SP-289;1971;https://www.nasa.gov/history/alsj/a15/a15psr.html;NA
Apollo 15;26.13224N 3.63400E;Mare;1971;Crewed;Rover tracks;In-Situ;1.63 - 1.83;38.5 - 41*;0 - 0.29*;NA;4 - 6;NA;0.69 - 0.9*;NA;NA;NA;3.1*;NA;NA;NA;Apollo 15 preliminary science report, NASA SP-289;1971;https://www.nasa.gov/history/alsj/a15/a15psr.html;NA
Apollo 15;26.13224N 3.63400E;Mare;1971;Crewed;Drive tube;In-Situ;1.36;NA;NA;NA;NA;NA;NA;NA;NA;0 - 35;NA;NA;NA;NA;Apollo 15 preliminary science report, NASA SP-289;1971;https://www.nasa.gov/history/alsj/a15/a15psr.html;NA
Apollo 15;26.13224N 3.63400E;Mare;1971;Crewed;Drive tube;In-Situ;1.64 - 1.69;NA;NA;NA;NA;NA;NA;NA;NA;35 - 70;NA;NA;NA;NA;Apollo 15 preliminary science report, NASA SP-289;1971;https://www.nasa.gov/history/alsj/a15/a15psr.html;NA
Apollo 15;26.13224N 3.63400E;Mare;1971;Crewed;Drive tube;In-Situ;1.35;NA;NA;NA;NA;NA;NA;NA;NA;0 - 35;NA;NA;NA;NA;Apollo 15 preliminary science report, NASA SP-289;1971;https://www.nasa.gov/history/alsj/a15/a15psr.html;NA
Apollo 15;26.13224N 3.63400E;Mare;1971;Crewed;Drive tube;In-Situ;1.69;NA;NA;NA;NA;NA;NA;NA;NA;0 - 23;NA;NA;NA;NA;Apollo 15 preliminary science report, NASA SP-289;1971;https://www.nasa.gov/history/alsj/a15/a15psr.html;NA
Apollo 15;26.13224N 3.63400E;Mare;1971;Crewed;Drive tube;In-Situ;1.79 - 1.91;NA;NA;NA;NA;NA;NA;NA;NA;23 - 68;NA;NA;NA;NA;Apollo 15 preliminary science report, NASA SP-289;1971;https://www.nasa.gov/history/alsj/a15/a15psr.html;NA
Apollo 15;26.13224N 3.63400E;Mare;1971;Crewed;Drill stem;In-Situ;1.62 - 1.96;NA;NA;NA;NA;NA;NA;NA;NA;0 - 236;NA;NA;NA;NA;Apollo 15 preliminary science report, NASA SP-289;1971;https://www.nasa.gov/history/alsj/a15/a15psr.html;NA
Apollo 15;26.13224N 3.63400E;Mare;1971;Crewed;Drill stem;In-Situ;1.84;NA;NA;NA;NA;NA;NA;NA;NA;0 - 236;NA;NA;NA;NA;Apollo 15 preliminary science report, NASA SP-289;1971;https://www.nasa.gov/history/alsj/a15/a15psr.html;NA
Apollo 15;26.13224N 3.63400E;Mare;1971;Crewed;Drill stem;In-Situ;1.75;NA;NA;NA;NA;NA;NA;NA;NA;0 - 236;NA;NA;NA;NA;Apollo 15 preliminary science report, NASA SP-289;1971;https://www.nasa.gov/history/alsj/a15/a15psr.html;NA
Apollo 15;26.13224N 3.63400E;Mare;1971;Crewed;Drill stem;In-Situ;1.79;NA;NA;NA;NA;NA;NA;NA;NA;0 - 236;NA;NA;NA;NA;Apollo 15 preliminary science report, NASA SP-289;1971;https://www.nasa.gov/history/alsj/a15/a15psr.html;NA
Apollo 15;26.13224N 3.63400E;Mare;1971;Crewed;Drill stem;In-Situ;1.62;NA;NA;NA;NA;NA;NA;NA;NA;0 - 236;NA;NA;NA;NA;Apollo 15 preliminary science report, NASA SP-289;1971;https://www.nasa.gov/history/alsj/a15/a15psr.html;NA
Apollo 15;26.13224N 3.63400E;Mare;1971;Crewed;Drill stem;In-Situ;2.15;NA;NA;NA;NA;NA;NA;NA;NA;0 - 236;NA;NA;NA;NA;Apollo 15 preliminary science report, NASA SP-289;1971;https://www.nasa.gov/history/alsj/a15/a15psr.html;NA
Apollo 15;26.13224N 3.63400E;Mare;1971;Crewed;Penetrometer;In-Situ;NA;NA;NA;NA;NA;NA;NA;NA;NA;0 - 20;NA;NA;NA;NA;Apollo 15 preliminary science report, NASA SP-289;1971;https://www.nasa.gov/history/alsj/a15/a15psr.html;NA
Apollo 15;26.13224N 3.63400E;Mare;1971;Crewed;Penetrometer;In-Situ;NA;47.5 - 51.5;NA;NA;NA;NA;NA;NA;NA;NA;NA;NA;NA;NA;Grant H. Heiken, David T. Vaniman, Bevan M. French, Lunar Sourcebook: a user's guide to the Moon, Cambridge University Press, 1991;1991;https://doi.org/10.1016/0031-9201(92)90060-9;NA
Apollo 15;26.13224N 3.63400E;Mare;1971;Crewed;Trench experiment;In-Situ;NA;50;1;NA;NA;NA;NA;NA;NA;NA;NA;NA;NA;NA;Grant H. Heiken, David T. Vaniman, Bevan M. French, Lunar Sourcebook: a user's guide to the Moon, Cambridge University Press, 1991;1991;https://doi.org/10.1016/0031-9201(92)90060-9;NA
Apollo 15;26.13224N 3.63400E;Mare;1971;Crewed;Drive tube;In-Situ;1.36 - 1.85;NA;NA;NA;NA;NA;NA;NA;NA;NA;NA;NA;NA;NA;Grant H. Heiken, David T. Vaniman, Bevan M. French, Lunar Sourcebook: a user's guide to the Moon, Cambridge University Press, 1991;1991;https://doi.org/10.1016/0031-9201(92)90060-9;NA
Apollo 15;26.13224N 3.63400E;Mare;1971;Crewed;Drill stem;In-Situ;1.62 - 1.93;NA;NA;NA;NA;NA;NA;NA;NA;NA;NA;NA;NA;NA;Grant H. Heiken, David T. Vaniman, Bevan M. French, Lunar Sourcebook: a user's guide to the Moon, Cambridge University Press, 1991;1991;https://doi.org/10.1016/0031-9201(92)90060-9;NA
Apollo 15;26.13224N 3.63400E;Mare;1971;Crewed;Drill stem;On Earth;1.1;NA;NA;NA;NA;NA;1.94;3.24;NA;NA;NA;NA;NA;NA;V. Gromov, Physical and mechanical properties of lunar and planetary soils, Kluwer Academic Publishers, 1999;1999;https://doi.org/10.1023/A:1006353510204;Loose soil density value
Apollo 15;26.13224N 3.63400E;Mare;1971;Crewed;Drill stem;On Earth;1.89;NA;NA;NA;NA;NA;0.71;3.24;NA;NA;NA;NA;NA;NA;V. Gromov, Physical and mechanical properties of lunar and planetary soils, Kluwer Academic Publishers, 1999;1999;https://doi.org/10.1023/A:1006353510204;Compacted soil density value
Apollo 16;8.97301S 15.49812E;Highland;1972;Crewed;Penetrometer;In-Situ;1.7*;46.5;0.6;NA;NA;NA;NA;NA;NA;10 - 20;NA;NA;NA;NA;Apollo 16 preliminary science report, NASA SP-315;1972;https://www.nasa.gov/history/alsj/a16/a16psr.html;NA
Apollo 16;8.97301S 15.49812E;Highland;1972;Crewed;Drill stem;On Earth;1.75;46.5*;1.3;NA;NA;NA;NA;NA;NA;218;NA;NA;NA;NA;Apollo 16 preliminary science report, NASA SP-315;1972;https://www.nasa.gov/history/alsj/a16/a16psr.html;NA
Apollo 16;8.97301S 15.49812E;Highland;1972;Crewed;Penetrometer;In-Situ; 19.6 ;49.5;0.37;NA;NA;NA;NA;NA;NA;12.8 - 25.6;NA;NA;NA;NA;Apollo 16 preliminary science report, NASA SP-315;1972;https://www.nasa.gov/history/alsj/a16/a16psr.html;NA
Apollo 16;8.97301S 15.49812E;Highland;1972;Crewed;Penetrometer;In-Situ;1.93;47 - 50;0.25 - 0.6;NA;NA;NA;NA;NA;NA;12.8 - 25.6;NA;NA;NA;NA;Apollo 16 preliminary science report, NASA SP-315;1972;https://www.nasa.gov/history/alsj/a16/a16psr.html;NA
Apollo 16;8.97301S 15.49812E;Highland;1972;Crewed;Rover tracks;In-Situ;NA;NA;NA;NA;4 - 6;NA;NA;NA;NA;0 - 5;NA;41;840;NA;Apollo 16 preliminary science report, NASA SP-315;1972;https://www.nasa.gov/history/alsj/a16/a16psr.html;NA
Apollo 16;8.97301S 15.49812E;Highland;1972;Crewed;Drive tube;In-Situ;1.47;NA;NA;NA;NA;NA;NA;NA;NA;0 - 32;NA;52;NA;NA;Apollo 16 preliminary science report, NASA SP-315;1972;https://www.nasa.gov/history/alsj/a16/a16psr.html;NA
Apollo 16;8.97301S 15.49812E;Highland;1972;Crewed;Drive tube;In-Situ;1.72;NA;NA;NA;NA;NA;NA;NA;NA;32 - 65;NA;43.5;NA;NA;Apollo 16 preliminary science report, NASA SP-315;1972;https://www.nasa.gov/history/alsj/a16/a16psr.html;NA
Apollo 16;8.97301S 15.49812E;Highland;1972;Crewed;Drive tube;In-Situ;1.48;NA;NA;NA;NA;NA;NA;NA;NA;0 - 28;NA;51.5;NA;NA;Apollo 16 preliminary science report, NASA SP-315;1972;https://www.nasa.gov/history/alsj/a16/a16psr.html;NA
Apollo 16;8.97301S 15.49812E;Highland;1972;Crewed;Drive tube;In-Situ;1.63;NA;NA;NA;NA;NA;NA;NA;NA;29 - 63;NA;46.5;NA;NA;Apollo 16 preliminary science report, NASA SP-315;1972;https://www.nasa.gov/history/alsj/a16/a16psr.html;NA
Apollo 16;8.97301S 15.49812E;Highland;1972;Crewed;Drive tube;In-Situ;1.39;NA;NA;NA;NA;NA;NA;NA;NA;0 - 32;NA;53.5;NA;NA;Apollo 16 preliminary science report, NASA SP-315;1972;https://www.nasa.gov/history/alsj/a16/a16psr.html;NA
Apollo 16;8.97301S 15.49812E;Highland;1972;Crewed;Drive tube;In-Situ;1.66;NA;NA;NA;NA;NA;NA;NA;NA;32 - 66;NA;45.5;NA;NA;Apollo 16 preliminary science report, NASA SP-315;1972;https://www.nasa.gov/history/alsj/a16/a16psr.html;NA
Apollo 16;8.97301S 15.49812E;Highland;1972;Crewed;Drive tube;In-Situ;1.59;NA;NA;NA;NA;NA;NA;NA;NA;0 - 27;NA;48;NA;NA;Apollo 16 preliminary science report, NASA SP-315;1972;https://www.nasa.gov/history/alsj/a16/a16psr.html;NA
Apollo 16;8.97301S 15.49812E;Highland;1972;Crewed;Drill stem;In-Situ;1.46;NA;NA;NA;NA;NA;NA;NA;NA;0 - 223;NA;52;NA;NA;Apollo 16 preliminary science report, NASA SP-315;1972;https://www.nasa.gov/history/alsj/a16/a16psr.html;NA
Apollo 16;8.97301S 15.49812E;Highland;1972;Crewed;Drill stem;In-Situ;1.43;NA;NA;NA;NA;NA;NA;NA;NA;0 - 223;NA;53;NA;NA;Apollo 16 preliminary science report, NASA SP-315;1972;https://www.nasa.gov/history/alsj/a16/a16psr.html;NA
Apollo 16;8.97301S 15.49812E;Highland;1972;Crewed;Drill stem;In-Situ;1.56;NA;NA;NA;NA;NA;NA;NA;NA;0 - 223;NA;49;NA;NA;Apollo 16 preliminary science report, NASA SP-315;1972;https://www.nasa.gov/history/alsj/a16/a16psr.html;NA
Apollo 16;8.97301S 15.49812E;Highland;1972;Crewed;Drill stem;In-Situ;1.66;NA;NA;NA;NA;NA;NA;NA;NA;0 - 223;NA;45.5;NA;NA;Apollo 16 preliminary science report, NASA SP-315;1972;https://www.nasa.gov/history/alsj/a16/a16psr.html;NA
Apollo 16;8.97301S 15.49812E;Highland;1972;Crewed;Drill stem;In-Situ;1.75;NA;NA;NA;NA;NA;NA;NA;NA;0 - 223;NA;42.5;NA;NA;Apollo 16 preliminary science report, NASA SP-315;1972;https://www.nasa.gov/history/alsj/a16/a16psr.html;NA
Apollo 16;8.97301S 15.49812E;Highland;1972;Crewed;Penetrometer;In-Situ;2.01 - 2.07;NA;NA;NA;NA;NA;NA;NA;NA;0 - 8;3.05*;32 - 34;6300 - 9850;NA;Apollo 16 preliminary science report, NASA SP-315;1972;https://www.nasa.gov/history/alsj/a16/a16psr.html;NA
Apollo 16;8.97301S 15.49812E;Highland;1972;Crewed;Penetrometer;In-Situ; 1.96 ;NA;NA;NA;NA;NA;NA;NA;NA;0 - 25;3.05*;35.5;5600;NA;Apollo 16 preliminary science report, NASA SP-315;1972;https://www.nasa.gov/history/alsj/a16/a16psr.html;NA
Apollo 16;8.97301S 15.49812E;Highland;1972;Crewed;Penetrometer;In-Situ;1.93 - 2;NA;NA;NA;NA;NA;NA;NA;NA;0 - 25;3.05*;34.5 - 36.5;4800 - 6850;NA;Apollo 16 preliminary science report, NASA SP-315;1972;https://www.nasa.gov/history/alsj/a16/a16psr.html;NA
Apollo 16;8.97301S 15.49812E;Highland;1972;Crewed;Penetrometer;In-Situ;1.65 - 1.71;NA;NA;NA;NA;NA;NA;NA;NA;0 - 5;3.05*;44 - 46;NA;NA;Apollo 16 preliminary science report, NASA SP-315;1972;https://www.nasa.gov/history/alsj/a16/a16psr.html;NA
Apollo 16;8.97301S 15.49812E;Highland;1972;Crewed;Penetrometer;In-Situ;1.71 - 1.77;NA;NA;NA;NA;NA;NA;NA;NA;0 - 5;3.05*;42 - 44;NA;NA;Apollo 16 preliminary science report, NASA SP-315;1972;https://www.nasa.gov/history/alsj/a16/a16psr.html;NA
Apollo 16;8.97301S 15.49812E;Highland;1972;Crewed;Penetrometer;In-Situ;1.86 - 1.92;NA;NA;NA;NA;NA;NA;NA;NA;0 - 20;3.05*;37 - 39;3370 - 3860;NA;Apollo 16 preliminary science report, NASA SP-315;1972;https://www.nasa.gov/history/alsj/a16/a16psr.html;NA
Apollo 16;8.97301S 15.49812E;Highland;1972;Crewed;Penetrometer;In-Situ;1.74 - 1.8;NA;NA;NA;NA;NA;NA;NA;NA;0 - 25;3.05*;41 - 43;1310 - 2280;NA;Apollo 16 preliminary science report, NASA SP-315;1972;https://www.nasa.gov/history/alsj/a16/a16psr.html;NA
Apollo 16;8.97301S 15.49812E;Highland;1972;Crewed;Penetrometer;In-Situ;1.8 - 1.94;NA;NA;NA;NA;NA;NA;NA;NA;0 - 25;3.05*;36.5 - 41;2000 - 5200;NA;Apollo 16 preliminary science report, NASA SP-315;1972;https://www.nasa.gov/history/alsj/a16/a16psr.html;NA
Apollo 16;8.97301S 15.49812E;Highland;1972;Crewed;Penetrometer;In-Situ;1.98 - 2.07;NA;NA;NA;NA;NA;NA;NA;NA;0 - 20;3.05*;32 - 35;6700 - 10000;NA;Apollo 16 preliminary science report, NASA SP-315;1972;https://www.nasa.gov/history/alsj/a16/a16psr.html;NA
Apollo 16;8.97301S 15.49812E;Highland;1972;Crewed;Footprint analysis;In-Situ;1.73;NA;NA;NA;7;NA;NA;NA;NA;0 - 10;NA;43.1;NA;NA;Apollo 16 preliminary science report, NASA SP-315;1972;https://www.nasa.gov/history/alsj/a16/a16psr.html;NA
Apollo 16;8.97301S 15.49812E;Highland;1972;Crewed;Footprint analysis;In-Situ;1.67;NA;NA;NA;7;NA;NA;NA;NA;0 - 10;NA;45.2;NA;NA;Apollo 16 preliminary science report, NASA SP-315;1972;https://www.nasa.gov/history/alsj/a16/a16psr.html;NA
Apollo 16;8.97301S 15.49812E;Highland;1972;Crewed;Footprint analysis;In-Situ;1.69;NA;NA;NA;7;NA;NA;NA;NA;0 - 10;NA;44.8;NA;NA;Apollo 16 preliminary science report, NASA SP-315;1972;https://www.nasa.gov/history/alsj/a16/a16psr.html;NA
Apollo 16;8.97301S 15.49812E;Highland;1972;Crewed;Footprint analysis;In-Situ;1.69;NA;NA;NA;7;NA;NA;NA;NA;0 - 10;NA;44.8;NA;NA;Apollo 16 preliminary science report, NASA SP-315;1972;https://www.nasa.gov/history/alsj/a16/a16psr.html;NA
Apollo 16;8.97301S 15.49812E;Highland;1972;Crewed;Footprint analysis;In-Situ;1.68;NA;NA;NA;7;NA;NA;NA;NA;0 - 10;NA;45;NA;NA;Apollo 16 preliminary science report, NASA SP-315;1972;https://www.nasa.gov/history/alsj/a16/a16psr.html;NA
Apollo 16;8.97301S 15.49812E;Highland;1972;Crewed;Footprint analysis;In-Situ;1.73;NA;NA;NA;7;NA;NA;NA;NA;0 - 10;NA;43.7;NA;NA;Apollo 16 preliminary science report, NASA SP-315;1972;https://www.nasa.gov/history/alsj/a16/a16psr.html;NA
Apollo 16;8.97301S 15.49812E;Highland;1972;Crewed;Penetrometer;In-Situ;NA;46.5;0.6;NA;NA;NA;NA;NA;NA;NA;NA;NA;NA;NA;Grant H. Heiken, David T. Vaniman, Bevan M. French, Lunar Sourcebook: a user's guide to the Moon, Cambridge University Press, 1991;1991;https://doi.org/10.1016/0031-9201(92)90060-9;NA
Apollo 16;8.97301S 15.49812E;Highland;1972;Crewed;Penetrometer;In-Situ;NA;49.5;0.37;NA;NA;NA;NA;NA;NA;NA;NA;NA;NA;NA;Grant H. Heiken, David T. Vaniman, Bevan M. French, Lunar Sourcebook: a user's guide to the Moon, Cambridge University Press, 1991;1991;https://doi.org/10.1016/0031-9201(92)90060-9;NA
Apollo 16;8.97301S 15.49812E;Highland;1972;Crewed;Penetrometer;In-Situ;NA;50 - 47;0.25 - 0.6;NA;NA;NA;NA;NA;NA;NA;NA;NA;NA;NA;Grant H. Heiken, David T. Vaniman, Bevan M. French, Lunar Sourcebook: a user's guide to the Moon, Cambridge University Press, 1991;1991;https://doi.org/10.1016/0031-9201(92)90060-9;NA
Apollo 16;8.97301S 15.49812E;Highland;1972;Crewed;Drive tube;In-Situ;1.47 - 1.75;46.5;1.3;NA;NA;NA;NA;NA;NA;NA;NA;NA;NA;NA;Grant H. Heiken, David T. Vaniman, Bevan M. French, Lunar Sourcebook: a user's guide to the Moon, Cambridge University Press, 1991;1991;https://doi.org/10.1016/0031-9201(92)90060-9;NA
Apollo 16;8.97301S 15.49812E;Highland;1972;Crewed;Drive tube;In-Situ;1.4 - 1.8;NA;NA;NA;NA;NA;NA;NA;NA;NA;NA;NA;NA;NA;Grant H. Heiken, David T. Vaniman, Bevan M. French, Lunar Sourcebook: a user's guide to the Moon, Cambridge University Press, 1991;1991;https://doi.org/10.1016/0031-9201(92)90060-9;NA
Apollo 17;20.1911N 30.7723E;Mare;1972;Crewed;Rover tracks;In-Situ;1.6;35;0.17;NA;4 - 6;NA;NA;NA;NA;NA;NA;NA;NA;NA;Apollo 17 preliminary science report, NASA SP-330;1972;https://www.nasa.gov/history/alsj/a17/a17psr.html;NA
Apollo 17;20.1911N 30.7723E;Mare;1972;Crewed;Drive tube;In-Situ;1.6;NA;NA;NA;NA;NA;NA;NA;NA;0 - 22;NA;NA;NA;NA;Apollo 17 preliminary science report, NASA SP-330;1972;https://www.nasa.gov/history/alsj/a17/a17psr.html;NA
Apollo 17;20.1911N 30.7723E;Mare;1972;Crewed;Drive tube;In-Situ;1.73;NA;NA;NA;NA;NA;NA;NA;NA;22 - 70;NA;NA;NA;NA;Apollo 17 preliminary science report, NASA SP-330;1972;https://www.nasa.gov/history/alsj/a17/a17psr.html;NA
Apollo 17;20.1911N 30.7723E;Mare;1972;Crewed;Drive tube;In-Situ;2.04;NA;NA;NA;NA;NA;NA;NA;NA;0 - 33;NA;NA;NA;NA;Apollo 17 preliminary science report, NASA SP-330;1972;https://www.nasa.gov/history/alsj/a17/a17psr.html;NA
Apollo 17;20.1911N 30.7723E;Mare;1972;Crewed;Drive tube;In-Situ;2.29;NA;NA;NA;NA;NA;NA;NA;NA;33 - 71;NA;NA;NA;NA;Apollo 17 preliminary science report, NASA SP-330;1972;https://www.nasa.gov/history/alsj/a17/a17psr.html;NA
Apollo 17;20.1911N 30.7723E;Mare;1972;Crewed;Drive tube;In-Situ;1.57;NA;NA;NA;NA;NA;NA;NA;NA;0 - 16;NA;NA;NA;NA;Apollo 17 preliminary science report, NASA SP-330;1972;https://www.nasa.gov/history/alsj/a17/a17psr.html;NA
Apollo 17;20.1911N 30.7723E;Mare;1972;Crewed;Drive tube;In-Situ;1.67;NA;NA;NA;NA;NA;NA;NA;NA;0 - 20;NA;NA;NA;NA;Apollo 17 preliminary science report, NASA SP-330;1972;https://www.nasa.gov/history/alsj/a17/a17psr.html;NA
Apollo 17;20.1911N 30.7723E;Mare;1972;Crewed;Drive tube;In-Situ;1.74;NA;NA;NA;NA;NA;NA;NA;NA;20 - 71;NA;NA;NA;NA;Apollo 17 preliminary science report, NASA SP-330;1972;https://www.nasa.gov/history/alsj/a17/a17psr.html;NA
Apollo 17;20.1911N 30.7723E;Mare;1972;Crewed;Drive tube;In-Situ;1.77;NA;NA;NA;NA;NA;NA;NA;NA;0 - 28;NA;NA;NA;NA;Apollo 17 preliminary science report, NASA SP-330;1972;https://www.nasa.gov/history/alsj/a17/a17psr.html;NA
Apollo 17;20.1911N 30.7723E;Mare;1972;Crewed;Drill stem;In-Situ;1.99;NA;NA;NA;NA;NA;NA;NA;NA;0 - 305;NA;NA;NA;NA;Apollo 17 preliminary science report, NASA SP-330;1972;https://www.nasa.gov/history/alsj/a17/a17psr.html;NA
Apollo 17;20.1911N 30.7723E;Mare;1972;Crewed;Drill stem;In-Situ;1.8;NA;NA;NA;NA;NA;NA;NA;NA;0 - 305;NA;NA;NA;NA;Apollo 17 preliminary science report, NASA SP-330;1972;https://www.nasa.gov/history/alsj/a17/a17psr.html;NA
Apollo 17;20.1911N 30.7723E;Mare;1972;Crewed;Drill stem;In-Situ;1.85;NA;NA;NA;NA;NA;NA;NA;NA;0 - 305;NA;NA;NA;NA;Apollo 17 preliminary science report, NASA SP-330;1972;https://www.nasa.gov/history/alsj/a17/a17psr.html;NA
Apollo 17;20.1911N 30.7723E;Mare;1972;Crewed;Drill stem;In-Situ;1.84;NA;NA;NA;NA;NA;NA;NA;NA;0 - 305;NA;NA;NA;NA;Apollo 17 preliminary science report, NASA SP-330;1972;https://www.nasa.gov/history/alsj/a17/a17psr.html;NA
Apollo 17;20.1911N 30.7723E;Mare;1972;Crewed;Drill stem;In-Situ;1.83;NA;NA;NA;NA;NA;NA;NA;NA;0 - 305;NA;NA;NA;NA;Apollo 17 preliminary science report, NASA SP-330;1972;https://www.nasa.gov/history/alsj/a17/a17psr.html;NA
Apollo 17;20.1911N 30.7723E;Mare;1972;Crewed;Drill stem;In-Situ;1.74;NA;NA;NA;NA;NA;NA;NA;NA;0 - 305;NA;NA;NA;NA;Apollo 17 preliminary science report, NASA SP-330;1972;https://www.nasa.gov/history/alsj/a17/a17psr.html;NA
Apollo 17;20.1911N 30.7723E;Mare;1972;Crewed;Drill stem;In-Situ;1.74 - 1.99;50 - 30;1.1 - 1.8;NA;NA;NA;NA;NA;NA;NA;NA;NA;NA;NA;Grant H. Heiken, David T. Vaniman, Bevan M. French, Lunar Sourcebook: a user's guide to the Moon, Cambridge University Press, 1991;1991;https://doi.org/10.1016/0031-9201(92)90060-9;NA
Apollo 17;20.1911N 30.7723E;Mare;1972;Crewed;Drive tube;In-Situ;1.57 - 2.29;NA;NA;NA;NA;NA;NA;NA;NA;NA;NA;NA;NA;NA;Grant H. Heiken, David T. Vaniman, Bevan M. French, Lunar Sourcebook: a user's guide to the Moon, Cambridge University Press, 1991;1991;https://doi.org/10.1016/0031-9201(92)90060-9;NA
Apollo 17;20.1911N 30.7723E;Mare;1972;Crewed;Rover tracks;In-Situ;NA;35;0.17;NA;NA;NA;NA;NA;NA;NA;NA;NA;NA;NA;Grant H. Heiken, David T. Vaniman, Bevan M. French, Lunar Sourcebook: a user's guide to the Moon, Cambridge University Press, 1991;1991;https://doi.org/10.1016/0031-9201(92)90060-9;NA
Chang'e 3;44.1189N 340.487E;Mare;2013;Rover;Lunar Penetration Radar;In-Situ;1.63;NA;NA;NA;NA;NA;NA;NA;NA;NA;NA;NA;NA;NA;Zehua Donga, Guangyou Fang, Parameters and structure of lunar regolith in Chang E-3 landing area from lunar penetrating radar (LPR) data, 2016;2016;https://doi.org/10.1016/j.icarus.2016.09.010;NA
Chang'e 4;45.44N 177.59E;Mare;2019;Rover;Rover tracks;In-Situ;NA;NA;NA;NA;4 - 6;NA;NA;NA;NA;NA;NA;NA;NA;NA;Zhencheng Tang , Jianjun Liu, Physical and Mechanical Characteristics of Lunar Soil at the Chang E?4 Landing Site, 2020;2020;https://doi.org/10.1029/2020GL089499;NA
Chang'e 5;43.06N 51.92W;Mare;2020;Rover;SEM;On Earth;NA;NA;NA;NA;NA;NA;NA;NA;NA;NA;NA;NA;NA;NA;Hui Zhang, Xian Zhang, Size, morphology, and composition of lunar samples returned by Chang E-5 mission, 2021;2021;https://doi.org/10.1007/s11433-021-1818-1;NA
Chandrayaan 3;69.37S 32.31E;Highland;2023;Rover;Surface Thermophysical Experiment;In-Situ;1.3;NA;NA;NA;NA;NA;NA;NA;NA;NA;NA;NA;NA;NA;Nizy Mathew, K. Durga Prasad, Chandrayaan 3 s surface thermophysical experiment (ChaSTE) onboard Chandrayaan 3 Lander, 2025;2025;https://doi.org/10.1016/j.asr.2025.01.022;NA
Lunar Reconnaisance Orbiter ;NA;Highland;2009;Remote sensing;Boulder tracks;Remote;1.39 - 1.66;30;1*;38 - 66;NA;NA;NA;NA;NA;0 - 100;NA;NA;NA;NA;V.T. Bickel, et al., Analysis of Lunar Boulder Tracks: Implications for Trafficability of Pyroclastic Deposits, 2019;2019;https://doi.org/10.1029/2018JE005876;Bearing capacity using Hansen's method at slope angle 0 degrees, values of density from literature, assuming a cohesion of 1 kPa, angle of internal friction estimation from angle of repose and averaged for a terrain 
Lunar Reconnaisance Orbiter ;NA;Highland;2009;Remote sensing;Boulder tracks;Remote;1.39 - 1.66;30;1*;142 - 190;NA;NA;NA;NA;NA;100 - 200;NA;NA;NA;NA;V.T. Bickel, et al., Analysis of Lunar Boulder Tracks: Implications for Trafficability of Pyroclastic Deposits, 2019;2019;https://doi.org/10.1029/2018JE005876;Bearing capacity using Hansen's method at slope angle 0 degrees, values of density from literature, assuming a cohesion of 1 kPa, angle of internal friction estimation from angle of repose and averaged for a terrain 
Lunar Reconnaisance Orbiter ;NA;Highland;2009;Remote sensing;Boulder tracks;Remote;1.39 - 1.66;30;1*;251 - 377;NA;NA;NA;NA;NA;200 - 600;NA;NA;NA;NA;V.T. Bickel, et al., Analysis of Lunar Boulder Tracks: Implications for Trafficability of Pyroclastic Deposits, 2019;2019;https://doi.org/10.1029/2018JE005876;Bearing capacity using Hansen's method at slope angle 0 degrees, values of density from literature, assuming a cohesion of 1 kPa, angle of internal friction estimation from angle of repose and averaged for a terrain 
Lunar Reconnaisance Orbiter ;NA;Highland;2009;Remote sensing;Boulder tracks;Remote;1.39 - 1.66;30;1*;607 - 809;NA;NA;NA;NA;NA;600 - 1500;NA;NA;NA;NA;V.T. Bickel, et al., Analysis of Lunar Boulder Tracks: Implications for Trafficability of Pyroclastic Deposits, 2019;2019;https://doi.org/10.1029/2018JE005876;Bearing capacity using Hansen's method at slope angle 0 degrees, values of density from literature, assuming a cohesion of 1 kPa, angle of internal friction estimation from angle of repose and averaged for a terrain 
Lunar Reconnaisance Orbiter ;NA;Mare;2009;Remote sensing;Boulder tracks;Remote;1.86 - 1.96;28;1*;73 - 97;NA;NA;NA;NA;NA;0 - 100;NA;NA;NA;NA;V.T. Bickel, et al., Analysis of Lunar Boulder Tracks: Implications for Trafficability of Pyroclastic Deposits, 2019;2019;https://doi.org/10.1029/2018JE005876;Bearing capacity using Hansen's method at slope angle 0 degrees, values of density from literature, assuming a cohesion of 1 kPa, angle of internal friction estimation from angle of repose and averaged for a terrain 
Lunar Reconnaisance Orbiter ;NA;Mare;2009;Remote sensing;Boulder tracks;Remote;1.86 - 1.96;28;1*;148 - 186;NA;NA;NA;NA;NA;100 - 200;NA;NA;NA;NA;V.T. Bickel, et al., Analysis of Lunar Boulder Tracks: Implications for Trafficability of Pyroclastic Deposits, 2019;2019;https://doi.org/10.1029/2018JE005876;Bearing capacity using Hansen's method at slope angle 0 degrees, values of density from literature, assuming a cohesion of 1 kPa, angle of internal friction estimation from angle of repose and averaged for a terrain 
Lunar Reconnaisance Orbiter ;NA;Mare;2009;Remote sensing;Boulder tracks;Remote;1.86 - 1.96;28;1*;226 - 326;NA;NA;NA;NA;NA;200 - 600;NA;NA;NA;NA;V.T. Bickel, et al., Analysis of Lunar Boulder Tracks: Implications for Trafficability of Pyroclastic Deposits, 2019;2019;https://doi.org/10.1029/2018JE005876;Bearing capacity using Hansen's method at slope angle 0 degrees, values of density from literature, assuming a cohesion of 1 kPa, angle of internal friction estimation from angle of repose and averaged for a terrain 
Lunar Reconnaisance Orbiter ;NA;Mare;2009;Remote sensing;Boulder tracks;Remote;1.86 - 1.96;28;1*;758 - 894;NA;NA;NA;NA;NA;600 - 1500;NA;NA;NA;NA;V.T. Bickel, et al., Analysis of Lunar Boulder Tracks: Implications for Trafficability of Pyroclastic Deposits, 2019;2019;https://doi.org/10.1029/2018JE005876;Bearing capacity using Hansen's method at slope angle 0 degrees, values of density from literature, assuming a cohesion of 1 kPa, angle of internal friction estimation from angle of repose and averaged for a terrain 
Lunar Reconnaisance Orbiter ;NA;Pyroclastic deposits;2009;Remote sensing;Boulder tracks;Remote;1.63 - 1.85;31;1*;110 - 152;NA;NA;NA;NA;NA;0 - 100;NA;NA;NA;NA;V.T. Bickel, et al., Analysis of Lunar Boulder Tracks: Implications for Trafficability of Pyroclastic Deposits, 2019;2019;https://doi.org/10.1029/2018JE005876;Bearing capacity using Hansen's method at slope angle 0 degrees, values of density from literature, assuming a cohesion of 1 kPa, angle of internal friction estimation from angle of repose and averaged for a terrain 
Lunar Reconnaisance Orbiter ;NA;Pyroclastic deposits;2009;Remote sensing;Boulder tracks;Remote;1.63 - 1.85;31;1*;170 - 230;NA;NA;NA;NA;NA;100 - 200;NA;NA;NA;NA;V.T. Bickel, et al., Analysis of Lunar Boulder Tracks: Implications for Trafficability of Pyroclastic Deposits, 2019;2019;https://doi.org/10.1029/2018JE005876;Bearing capacity using Hansen's method at slope angle 0 degrees, values of density from literature, assuming a cohesion of 1 kPa, angle of internal friction estimation from angle of repose and averaged for a terrain 
Lunar Reconnaisance Orbiter ;NA;Pyroclastic deposits;2009;Remote sensing;Boulder tracks;Remote;1.63 - 1.85;31;1*;257 - 415;NA;NA;NA;NA;NA;200 - 600;NA;NA;NA;NA;V.T. Bickel, et al., Analysis of Lunar Boulder Tracks: Implications for Trafficability of Pyroclastic Deposits, 2019;2019;https://doi.org/10.1029/2018JE005876;Bearing capacity using Hansen's method at slope angle 0 degrees, values of density from literature, assuming a cohesion of 1 kPa, angle of internal friction estimation from angle of repose and averaged for a terrain 
Lunar Reconnaisance Orbiter ;NA;Pyroclastic deposits;2009;Remote sensing;Boulder tracks;Remote;1.63 - 1.85;31;1*;810 - 1476;NA;NA;NA;NA;NA;600 - 1500;NA;NA;NA;NA;V.T. Bickel, et al., Analysis of Lunar Boulder Tracks: Implications for Trafficability of Pyroclastic Deposits, 2019;2019;https://doi.org/10.1029/2018JE005876;Bearing capacity using Hansen's method at slope angle 0 degrees, values of density from literature, assuming a cohesion of 1 kPa, angle of internal friction estimation from angle of repose and averaged for a terrain 
