Simulant;Developper;Type of simulant;Year;Test;Testing environment;Bulk density (g/cm^3);Angle of internal friction (degree);Cohesion (kPa);Bearing capacity (kPa);Static bearing pressure (kPa);Normal stress range (kPa);Void ratio;Density of grains (g/cm^3);Compressibility Coefficient;Depth (cm);Specific gravity;Porosity (%);Cone penetration resistance gradient (kN/m^2/m);Force applied (N);Sample ID;Contact area (cm^2);Source;Year of publication;DOI / URL;comments 
LSS-ISAC-1;ISRO;Highland;2020;Triaxial compression;Air;1.5;33.34 - 39.34;0.35 - 0.356;NA;NA;NA;NA;NA;NA;NA;2.65 - 2.75;45 - 51;NA;NA;NA;NA;S. Anbazhagan, I. Venugopal, A lunar soil simulant (LSS-ISAC-1) for the lunar exploration programme of the Indian Space Research Organisation, 2021;2021;https://doi.org/10.1016/j.icarus.2021.114511;
CUG-1A;China University of Geosciences;Highland;2010;NA;Air;1.45 - 1.90;20 - 21;5 - 21;NA;NA;NA;NA;NA;NA;NA;2.88;NA;NA;NA;NA;NA;X.X. He, L. Xiao, LUNAR REGOLITH SIMULANT CUG-1A, 2010;2010;https://ui.adsabs.harvard.edu/abs/2010LPI....41.1183H;
CAS-1;Chinese Academy of Sciences;Mare;2005;NA;Air;NA;33.3;1;NA;NA;NA;NA;NA;NA;NA;NA;NA;NA;NA;NA;NA;Yongchun Zheng, Shijie Wang, CAS-1 lunar soil simulant, 2009;2009;https://doi.org/10.1016/j.asr.2008.07.006;
IGG-01;Chinese Academy of Sciences;Moderate-Ti Mare;2024;Direct shear;Air;1.69 - 2.03;41.8;19.2;NA;NA;50 - 200;0.64 - 0.97;NA;NA;NA;3.33;0.39 - 0.49;NA;NA;NA;NA;Ruan Renhao, Yang Wei, A moderate-Ti lunar mare soil simulant: IGG-01, 2024;2024;https://doi.org/10.1016/j.actaastro.2024.08.010;
PolyU-1;Chinese Academy of Sciences;Mare;2024;Direct shear;Air;1.22 - 1.83;35.7 - 40.3;0 - 13.5;NA;NA;70 - 280;NA;NA;NA;NA;3.17;42.2;NA;NA;NA;NA;Zou Yuan, Wu Huangyu, Development and characterization of the PolyU-1 lunar regolith simulant based on Chang e-5 returned samples, 2024;2024;https://doi.org/10.1016/j.ijmst.2024.08.006;
WHU-1;Wuhan University;Mare;2025;Triaxial compression;Air;1.31 - 1.99;42.86 - 60.42;1.99 - 17.51;NA;NA;50 - 200;1.145;NA;NA;NA;NA;NA;NA;NA;NA;NA;Teng Yue, Wang Shun, Influence of loading conditions on mechanical behaviors of lunar regolith simulant WHU-1 based on Chang e-5 returned samples, 2025;2025;https://doi.org/10.1007/s11440-025-02553-7;Air confined parameters for stress levels of 50-200 kPa at peak state 
WHU-1;Wuhan University;Mare;2025;Direct shear ;Air;1.31 - 1.99;37.4 - 41.42;5.27 - 33.26;NA;NA;5 - 300;1.145;NA;NA;NA;NA;NA;NA;NA;NA;NA;Teng Yue, Wang Shun, Influence of loading conditions on mechanical behaviors of lunar regolith simulant WHU-1 based on Chang e-5 returned samples, 2025;2025;https://doi.org/10.1007/s11440-025-02553-7;Direct shear test parameters for all the stress levels tested given as ranges of values taken at peak state 
FJS-1;Shimizu Co;Low-Ti Mare;1998;NA;Air;1.53 - 1.63;30 - 50;0.1 - 1;NA;NA;NA;NA;NA;NA;NA;NA;NA;NA;NA;NA;NA;Kanamori H., Udagawa S., Yoshida T. Matsumoto S., Takagi K., Properties of Lunar Soil Simulant Manufactured in Japan, 1998;1998;https://doi.org/10.1061/40339(206)53;
TLS-01;Space Zab;Mare;2021;Direct shear;Air;NA;33.92;6.47;NA;NA;30 - 250;NA;NA;NA;NA;NA;NA;NA;NA;NA;NA;Chancharoen Wares, Seehanam Saran, Development and Mechanical properties of the first Thailand lunar regolith simulant (TLS-01), 2021;2021;https://api.semanticscholar.org/CorpusID:253100984;
KLS-1;Korea Institute of Construction Technology;Highland;2018;Direct shear;Air;NA;44.91;1.85;NA;NA;10 - 200;0.46 - 0.98;NA;0.29;NA;2.94;NA;NA;NA;NA;NA;Ryu Byung-Hyun, Wang Cheng-Can, Development of a Korean Lunar Simulant(KLS-1) and its Possible Further Recommendations, 2018;2018;https://doi.org/10.1061/(ASCE)AS.1943-5525.0000798;
EAC-1A;European Astronaut Center;Low-Ti Mare;2020;NA;Air;1.45;NA;0.38;NA;NA;NA;NA;NA;NA;NA;NA;NA;NA;NA;NA;NA;V.S. Engelschion, S.R. Eriksson, EAC-1A: A novel large-volume lunar regolith simulant, 2020;2020;https://doi.org/10.1038/s41598-020-62312-4;
EAC-1A;European Astronaut Center;Low-Ti Mare;2020;Direct shear;Air;1.45;37.3 - 41.58;0.97 - 1.87;NA;NA;1 - 10;NA;NA;NA;NA;NA;NA;NA;NA;NA;NA;L. Gasteiner, A. Glazyrina, N. Murdoch, O. D'Angelo, Rheological Lunar Regolith Simulant, 2025;2025;https://doi.org/10.48550/arXiv.2510.23680;
BP-1;NASA;Low-Ti Mare;2010;Triaxial compression;Air;1.43 - 1.86;39 - 51;0 - 2;NA;NA;5 - 150;0.49 - 0.965;NA;0.0418 - 0.0174;NA;2.81;NA;NA;NA;NA;NA;E. Suescun-Florez, S. Roslyakov, M. Iskander, M. Baamer, Geotechnical properties of BP-1 Lunar Regolith Simulant, 2014;2014;10.1061/(ASCE)AS.1943-5525.0000462;
GRC-3;NASA;NA;2013;Triaxial compression;Air;1.52 - 1.94;37.8 - 47.8;NA;NA;NA;100 - 200;0.358 - 0.732;NA;0.075;NA;2.633;0.423 - 0.264;NA;NA;NA;NA;He Chunmei, Zeng Xiangwu, Geotechnical Properties of GRC-3 Lunar Simulant, 2013;2013;https://doi.org/10.1061/(ASCE)AS.1943-5525.0000162;
LHS-1;Exolith lab;Highland;2020;Direct shear ;Air;1.3;40.3;1.7;NA;NA;25 - 100;NA;3.22;NA;NA;NA;NA;NA;NA;NA;NA;Yin Kexin, Cheng Zhichao, Shear properties of LHS-1 and LMS-1 Lunar regolith simulants, 2023;2023;https://doi.org/10.1016/j.pss.2022.105630;Residual cohesion and friction angle 
LMS-1;Exolith lab;Low-Ti Mare;2021;Direct shear;Air;1.56;40.5;3.9;NA;NA;25 - 100;NA;3.03;NA;NA;NA;NA;NA;NA;NA;NA;Yin Kexin, Cheng Zhichao, Shear properties of LHS-1 and LMS-1 Lunar regolith simulants, 2023;2023;https://doi.org/10.1016/j.pss.2022.105630;Residual cohesion and friction angle 
JSC-1;NASA;Mare;1994;Triaxial compression;Air;1.5;45;1;NA;NA;35 - 100;NA;NA;NA;NA;2.9;NA;NA;NA;NA;NA;D.S. McKay, J.L. Carter, JSC-1: A NEW LUNAR SOIL SIMULANT, 1994;1994;https://www.lpi.usra.edu/lunar/strategies/jsc_lunar_simulant.pdf?q=jsc;
JSC-1A;ORBITEC;Low-Ti Mare;2009;Triaxial compression;Air;1.556 - 2.016;40 - 48;2 - 5;NA;NA;10 - 200;0.448 - 0.877;NA;NA;NA;2.92;0.309 - 0.467;NA;NA;NA;NA;K.A. Alshibli, A. Hasan, Strength Properties of JSC-1A Lunar Regolith Simulant, 2009;2009;https://doi.org/10.1061/(ASCE)GT.1943-5606.0000068;
CSM-LHT-1;Colorado School of Mines;Highland;2021;Direct shear ;Air;1.5 - 1.9;32;12;NA;NA;23 - 143;NA;NA;NA;NA;NA;NA;NA;NA;NA;NA;A. Slabic, J.E. Gruener, Lunar Regolith Simulant User's Guide: Revision A, 2024;2024;https://ntrs.nasa.gov/citations/20240011783;
CSM-LMT-1;Colorado School of Mines;High-Ti Mare;2021;Direct shear ;Air;1.5 - 1.76;36;12;NA;NA;23 - 143;NA;NA;NA;NA;NA;NA;NA;NA;NA;NA;A. Slabic, J.E. Gruener, Lunar Regolith Simulant User's Guide: Revision A, 2024;2024;https://ntrs.nasa.gov/citations/20240011783;
MLS-1;University of Minnesota;High-Ti Mare;1988;Triaxial compression;Air;1.59 - 2.09;41.4 - 62.3;0.1 - 1.5;NA;NA;NA;NA;NA;NA;NA;NA;NA;NA;NA;NA;NA;A. Slabic, J.E. Gruener, Lunar Regolith Simulant User's Guide: Revision A, 2024;2024;https://ntrs.nasa.gov/citations/20240011783;
NU-LHT-4M;USGS;Highland;2023;Direct shear ;Air;1.5 - 1.63;38;8;NA;NA;23 - 143;NA;NA;NA;NA;NA;NA;NA;NA;NA;NA;A. Slabic, J.E. Gruener, Lunar Regolith Simulant User's Guide: Revision A, 2024;2024;https://ntrs.nasa.gov/citations/20240011783;
OB-1A;Deltion;Highland;2008;Direct shear ;Air;1.51 - 1.63;35;15;NA;NA;23 - 143;NA;NA;NA;NA;3.071;NA;NA;NA;NA;NA;ARES | Exploration Science Projects | Lunar Regolith Simulants | OB-1, 2010;2010;https://ares.jsc.nasa.gov/projects/simulants/ob-1.html;
OPRH3N;Off Planet Research;Highland;2021;Direct shear ;Air;1.32 - 1.5;36;12;NA;NA;23 - 143;NA;NA;NA;NA;NA;NA;NA;NA;NA;NA;A. Slabic, J.E. Gruener, Lunar Regolith Simulant User's Guide: Revision A, 2024;2024;https://ntrs.nasa.gov/citations/20240011783;
OPRL2N;Off Planet Research;High-Ti Mare;2021;Direct shear ;Air;1.31 - 1.54;40;7;NA;NA;23 - 143;NA;NA;NA;NA;NA;NA;NA;NA;NA;NA;A. Slabic, J.E. Gruener, Lunar Regolith Simulant User's Guide: Revision A, 2024;2024;https://ntrs.nasa.gov/citations/20240011783;
NAO-1;Chinese Academy of Sciences;Highland;2009;Triaxial compression;Air;1.93;46.57;95.3;NA;NA;NA;NA;NA;NA;NA;2.92;NA;NA;NA;NA;NA;Yongquan Li, Jianzhong Liu, NAO-1: Lunar Highland Soil Simulant Developed in China, 2009;2009;https://doi.org/10.1061/(ASCE)0893-1321(2009)22:1(53);Cohesion value assumed to be 0 by the authors
